/*Data till tabellerna*/

--Data till DISCGOLF_CLUB

INSERT INTO DISCGOLF_CLUB VALUES (1,'Sundsvalls discgolfklubb',0704654234,'granloholmsvägen','Sundsvall',42,85241);
INSERT INTO DISCGOLF_CLUB VALUES (2,'Timrå discgolfklubb',0707346254,'fagervik','Timrå',11,86141);
INSERT INTO DISCGOLF_CLUB VALUES (3,'Härnösands discgolfklubb',0704563875,'Universitetsv.','Härnösand',42,87111);
INSERT INTO DISCGOLF_CLUB VALUES (4,'Husums discgolfklubb',0703976435,'Fabriksgatan','Örnsköldsvik',12,88141);

--Data till BOARD_MEMBER

INSERT INTO BOARD_MEMBER VALUES (11,'Håkan','Boman',0703646845);
INSERT INTO BOARD_MEMBER VALUES (12,'Karl','Boman',0705372123);
INSERT INTO BOARD_MEMBER VALUES (13,'Sara','Svensson',0723465367);
INSERT INTO BOARD_MEMBER VALUES (14,'Ann','Näslund',0733669875);
INSERT INTO BOARD_MEMBER VALUES (15,'Dominik','Reyes',0723465685);
INSERT INTO BOARD_MEMBER VALUES (16,'Roman','Dolidze',0735634573);
INSERT INTO BOARD_MEMBER VALUES (17,'Hassan','Brown',0724567887);
INSERT INTO BOARD_MEMBER VALUES (18,'Drew','Dober',0714547523);
INSERT INTO BOARD_MEMBER VALUES (19,'Vivian','Araujo',0713423431);
INSERT INTO BOARD_MEMBER VALUES (20,'Natalia','Silva',0738987678);
INSERT INTO BOARD_MEMBER VALUES (21,'Gilbert','Urbina',0733634543);
INSERT INTO BOARD_MEMBER VALUES (22,'Charles','Radtke',0707001234);

--Data till SPONSOR

INSERT INTO SPONSOR VALUES (1327,'ICA Ettan',0606352465,10000);
INSERT INTO SPONSOR VALUES (1317,'Sundsvalls kommun',0603245724,20000);
INSERT INTO SPONSOR VALUES (1307,'XXL Birsta',0601234457,5000);
INSERT INTO SPONSOR VALUES (1338,'Timrå kommun',0604876453,50000);
INSERT INTO SPONSOR VALUES (1339,'Online Pizza',0607322341,5000);
INSERT INTO SPONSOR VALUES (1340,'Star Gym',0604354177,5000);
INSERT INTO SPONSOR VALUES (1341,'Härnösands Kommun',0611246231,5000);
INSERT INTO SPONSOR VALUES (1342,'Willys Härnösand',0611456745,5000);
INSERT INTO SPONSOR VALUES (1343,'Intersport Härnösand',0611346878,10000);
INSERT INTO SPONSOR VALUES (1344,'Metsä Board Husum',066065743,20000);
INSERT INTO SPONSOR VALUES (1345,'ICA Husum',0660432567,5000);
INSERT INTO SPONSOR VALUES (1346,'Pizzeria Husum',0660234723,3000);

--DATA TILL HAVE 

INSERT INTO HAVE VALUES (1327,1);
INSERT INTO HAVE VALUES (1317,1);
INSERT INTO HAVE VALUES (1307,1);
INSERT INTO HAVE VALUES (1338,2);
INSERT INTO HAVE VALUES (1339,2);
INSERT INTO HAVE VALUES (1340,2);
INSERT INTO HAVE VALUES (1341,3);
INSERT INTO HAVE VALUES (1342,3);
INSERT INTO HAVE VALUES (1343,3);
INSERT INTO HAVE VALUES (1344,4);
INSERT INTO HAVE VALUES (1345,4);
INSERT INTO HAVE VALUES (1346,4);

--DATA TILL CONSISTS_OF 

INSERT INTO CONSISTS_OF VALUES (11,1);
INSERT INTO CONSISTS_OF VALUES (12,1);
INSERT INTO CONSISTS_OF VALUES (13,1);
INSERT INTO CONSISTS_OF VALUES (14,2);
INSERT INTO CONSISTS_OF VALUES (15,2);
INSERT INTO CONSISTS_OF VALUES (16,2);
INSERT INTO CONSISTS_OF VALUES (17,3);
INSERT INTO CONSISTS_OF VALUES (18,3);
INSERT INTO CONSISTS_OF VALUES (19,3);
INSERT INTO CONSISTS_OF VALUES (20,4);
INSERT INTO CONSISTS_OF VALUES (21,4);
INSERT INTO CONSISTS_OF VALUES (22,4);

--Data till COURSE

INSERT INTO COURSE VALUES (1111,'Sticksjö discgolfbana','Granloholmsvägen','Sundsvall',42,85241);
INSERT INTO COURSE VALUES (2222,'Fagerviks discgolfbana','fagervik','Timrå',11,86141);
INSERT INTO COURSE VALUES (3333,'Härnösands discgolfbana','Universitetsv.','Härnösand',42,87111);
INSERT INTO COURSE VALUES (4444,'Husums discgolfbana','Fabriksgatan','Örnsköldsvik',12,88141);

--Data till COMPETITION

INSERT INTO COMPETITION VALUES (14201,1111,STR_TO_DATE('19-APR-2023','%e-%M-%Y'),STR_TO_DATE('19-MAY-2023','%e-%M-%Y'));
INSERT INTO COMPETITION VALUES (11201,2222,STR_TO_DATE('10-MAY-2023','%e-%M-%Y'),STR_TO_DATE('10-JUN-2023','%e-%M-%Y'));
INSERT INTO COMPETITION VALUES (12201,3333,STR_TO_DATE('11-JUN-2023','%e-%M-%Y'),STR_TO_DATE('11-JUL-2023','%e-%M-%Y'));
INSERT INTO COMPETITION VALUES (13201,4444,STR_TO_DATE('14-JUL-2023','%e-%M-%Y'),STR_TO_DATE('14-AUG-2023','%e-%M-%Y'));

--Data till MEMBER

INSERT INTO MEMBER (CLUB_ID, RATING, FIRST_NAME, LAST_NAME, EMAIL) VALUES (1,873,'Clerk','Miller', 'ClerkMiller@mail.com');
INSERT INTO MEMBER (CLUB_ID, RATING, FIRST_NAME, LAST_NAME, EMAIL) VALUES (1,987,'Maria','Andersson','MariaAndersson@mail.com');
INSERT INTO MEMBER (CLUB_ID, RATING, FIRST_NAME, LAST_NAME, EMAIL) VALUES (1,1005,'Anna','Johansson','AnnaJohansson@mail.com');
INSERT INTO MEMBER (CLUB_ID, RATING, FIRST_NAME, LAST_NAME, EMAIL) VALUES (1,819,'Helena','Carlsson','HelenaCarlsson@mail.com');
INSERT INTO MEMBER (CLUB_ID, RATING, FIRST_NAME, LAST_NAME, EMAIL) VALUES (1,1012,'Jim','Magnusson', 'JimMagnusson@mail.com');
INSERT INTO MEMBER (CLUB_ID, RATING, FIRST_NAME, LAST_NAME, EMAIL) VALUES (1,944,'Inger','Olofsson','IngerOlofsson@mail.com');
INSERT INTO MEMBER (CLUB_ID, RATING, FIRST_NAME, LAST_NAME, EMAIL) VALUES (2,802,'Andree','Broman','Andree@mail.com');
INSERT INTO MEMBER (CLUB_ID, RATING, FIRST_NAME, LAST_NAME, EMAIL) VALUES (2,1036,'Maria','Wikman','MariaWikman@mail.com');
INSERT INTO MEMBER (CLUB_ID, RATING, FIRST_NAME, LAST_NAME, EMAIL) VALUES (2,901,'Klas','Johansson', 'KlasJohansson@mail.com');
INSERT INTO MEMBER (CLUB_ID, RATING, FIRST_NAME, LAST_NAME, EMAIL) VALUES (2,1001,'Håkan','Petterson','HåkanPetterson@mail.com');
INSERT INTO MEMBER (CLUB_ID, RATING, FIRST_NAME, LAST_NAME, EMAIL) VALUES (2,825,'Per','Peterson','PerPeterson@mail.com');
INSERT INTO MEMBER (CLUB_ID, RATING, FIRST_NAME, LAST_NAME, EMAIL) VALUES (2,950,'Ingrid','Lindberg','IngridLindberg@mail.com');
INSERT INTO MEMBER (CLUB_ID, RATING, FIRST_NAME, LAST_NAME, EMAIL) VALUES (3,835,'Andreas','Jonsson','AndreasJonsson@mail.com');
INSERT INTO MEMBER (CLUB_ID, RATING, FIRST_NAME, LAST_NAME, EMAIL) VALUES (3,1009,'Klara','Wikman','KlaraWikman@mail.com');
INSERT INTO MEMBER (CLUB_ID, RATING, FIRST_NAME, LAST_NAME, EMAIL) VALUES (3,922,'Frans','Jonsson','FransJonsson@mail.com');
INSERT INTO MEMBER (CLUB_ID, RATING, FIRST_NAME, LAST_NAME, EMAIL) VALUES (3,1017,'Harald','Peterson','HaraldPeterson@mail.com');
INSERT INTO MEMBER (CLUB_ID, RATING, FIRST_NAME, LAST_NAME, EMAIL) VALUES (3,804,'Saga','Peterson','SagaPeterson@mail.com');
INSERT INTO MEMBER (CLUB_ID, RATING, FIRST_NAME, LAST_NAME, EMAIL) VALUES (3,978,'Emma','Lind','EmmaLind@mail.com');
INSERT INTO MEMBER (CLUB_ID, RATING, FIRST_NAME, LAST_NAME, EMAIL) VALUES (4,819,'Andreas','Stark','AndreasStark@mail.com');
INSERT INTO MEMBER (CLUB_ID, RATING, FIRST_NAME, LAST_NAME, EMAIL) VALUES (4,950,'Klara','Sten','KlaraSten@mail.com');
INSERT INTO MEMBER (CLUB_ID, RATING, FIRST_NAME, LAST_NAME, EMAIL) VALUES (4,1023,'Birger','Jarl', 'BirgerJarl@mail.com');
INSERT INTO MEMBER (CLUB_ID, RATING, FIRST_NAME, LAST_NAME, EMAIL) VALUES (4,827,'Harald','Fagerström','HaraldFagerström@mail.com');
INSERT INTO MEMBER (CLUB_ID, RATING, FIRST_NAME, LAST_NAME, EMAIL) VALUES (4,912,'Frans','Fransson','FransFransson@mail.com');
INSERT INTO MEMBER (CLUB_ID, RATING, FIRST_NAME, LAST_NAME, EMAIL) VALUES (4,1036,'Emma','Frost','EmmaFrost@mail.com');

--Data till PLAYING

INSERT INTO PLAYING VALUES (1,14201,10);
INSERT INTO PLAYING VALUES (2,14201,3);       
INSERT INTO PLAYING VALUES (3,14201,1);       
INSERT INTO PLAYING VALUES (4,14201,20);
INSERT INTO PLAYING VALUES (5,14201,15);
INSERT INTO PLAYING VALUES (8,14201,4);
INSERT INTO PLAYING VALUES (9,14201,11);
INSERT INTO PLAYING VALUES (10,14201,9);
INSERT INTO PLAYING VALUES (11,14201,19);
INSERT INTO PLAYING VALUES (12,14201,14);
INSERT INTO PLAYING VALUES (13,14201,18);
INSERT INTO PLAYING VALUES (14,14201,2);       
INSERT INTO PLAYING VALUES (15,14201,16);
INSERT INTO PLAYING VALUES (16,14201,7);
INSERT INTO PLAYING VALUES (17,14201,8);
INSERT INTO PLAYING VALUES (20,14201,13);
INSERT INTO PLAYING VALUES (21,14201,6);
INSERT INTO PLAYING VALUES (22,14201,17);
INSERT INTO PLAYING VALUES (23,14201,12);
INSERT INTO PLAYING VALUES (24,14201,5);

INSERT INTO PLAYING VALUES (1,11201,20);
INSERT INTO PLAYING VALUES (2,11201,19);
INSERT INTO PLAYING VALUES (3,11201,4);
INSERT INTO PLAYING VALUES (4,11201,18);
INSERT INTO PLAYING VALUES (5,11201,5);
INSERT INTO PLAYING VALUES (8,11201,6);
INSERT INTO PLAYING VALUES (9,11201,17);
INSERT INTO PLAYING VALUES (10,11201,7);
INSERT INTO PLAYING VALUES (11,11201,16);
INSERT INTO PLAYING VALUES (12,11201,8);
INSERT INTO PLAYING VALUES (13,11201,15);
INSERT INTO PLAYING VALUES (14,11201,3);   
INSERT INTO PLAYING VALUES (15,11201,14);
INSERT INTO PLAYING VALUES (16,11201,9);
INSERT INTO PLAYING VALUES (17,11201,13);
INSERT INTO PLAYING VALUES (20,11201,10);
INSERT INTO PLAYING VALUES (21,11201,2);       
INSERT INTO PLAYING VALUES (22,11201,12);
INSERT INTO PLAYING VALUES (23,11201,11);
INSERT INTO PLAYING VALUES (24,11201,1);       

INSERT INTO PLAYING VALUES (1,12201,14);
INSERT INTO PLAYING VALUES (2,12201,13);
INSERT INTO PLAYING VALUES (3,12201,12);
INSERT INTO PLAYING VALUES (4,12201,16);
INSERT INTO PLAYING VALUES (5,12201,1);   
INSERT INTO PLAYING VALUES (8,12201,2);       
INSERT INTO PLAYING VALUES (9,12201,15);
INSERT INTO PLAYING VALUES (10,12201,3);       
INSERT INTO PLAYING VALUES (11,12201,17);
INSERT INTO PLAYING VALUES (12,12201,11);
INSERT INTO PLAYING VALUES (13,12201,18);
INSERT INTO PLAYING VALUES (14,12201,4);
INSERT INTO PLAYING VALUES (15,12201,10);
INSERT INTO PLAYING VALUES (16,12201,5);
INSERT INTO PLAYING VALUES (17,12201,19);
INSERT INTO PLAYING VALUES (20,12201,9);
INSERT INTO PLAYING VALUES (21,12201,6);
INSERT INTO PLAYING VALUES (22,12201,20);
INSERT INTO PLAYING VALUES (23,12201,8);
INSERT INTO PLAYING VALUES (24,12201,7);


INSERT INTO PLAYING VALUES (1,13201,16);
INSERT INTO PLAYING VALUES (2,13201,15);
INSERT INTO PLAYING VALUES (3,13201,1);       
INSERT INTO PLAYING VALUES (4,13201,19);
INSERT INTO PLAYING VALUES (5,13201,2);       
INSERT INTO PLAYING VALUES (8,13201,3);       
INSERT INTO PLAYING VALUES (9,13201,5);
INSERT INTO PLAYING VALUES (10,13201,4);
INSERT INTO PLAYING VALUES (11,13201,17);
INSERT INTO PLAYING VALUES (12,13201,11);
INSERT INTO PLAYING VALUES (13,13201,14);
INSERT INTO PLAYING VALUES (14,13201,6);
INSERT INTO PLAYING VALUES (15,13201,13);
INSERT INTO PLAYING VALUES (16,13201,7);
INSERT INTO PLAYING VALUES (17,13201,20);
INSERT INTO PLAYING VALUES (20,13201,12);
INSERT INTO PLAYING VALUES (21,13201,8);
INSERT INTO PLAYING VALUES (22,13201,18);
INSERT INTO PLAYING VALUES (23,13201,10);
INSERT INTO PLAYING VALUES (24,13201,9);
